"Iteration	d1_loss	d2_loss	g_loss",,,
1,0.290623128,0.799731433,83.92398071
301,0.004591331,0.003012188,14.57279205
601,0.0027537790592759848,0.0024968511424958706,32.2955322265625
901,0.0009013076196424663,0.0008887533331289887,20.605573654174805
1201,0.0005133241647854447,0.00035595690133050084,20.498106002807617
1501,0.23949861526489258,0.15462268888950348,18.19632339477539
1801,0.0029945210553705692,0.0021966975182294846,16.10585594177246
2101,0.003288981970399618,0.0014630878577008843,14.910233497619629
2401,0.0006070268573239446,0.00041910778963938355,20.155832290649414
2701,0.001707509276457131,0.0013799648731946945,17.41842269897461
3001,0.00011269073002040386,0.00026887317653745413,14.559497833251953
3301,0.0006111680413596332,0.0005455733044072986,16.67565155029297
3601,0.0005213450058363378,0.001019510324113071,25.2860164642334
3901,0.00010778046998893842,5.954343578196131e-05,11.010973930358887
4201,0.00012887443881481886,0.00010331444354960695,11.592371940612793
4501,0.0010751319350674748,0.000342356477631256,10.93482780456543
4801,0.00033743653330020607,7.927347905933857e-05,12.219616889953613
5101,0.0005531433853320777,0.0007188986055552959,15.09054183959961
5401,0.0010168500011786819,0.0009035849943757057,15.557424545288086
5701,0.0003005157341249287,0.0007252495852299035,15.2041597366333
6001,0.0006306850118562579,0.00046052687685005367,19.95078468322754
6301,0.00033478456316515803,0.00015534381964243948,11.215415000915527
6601,0.00018643881776370108,0.00016489007975906134,14.713513374328613
6901,0.00044302071910351515,0.00012948407675139606,16.139150619506836
7201,0.000398231262806803,3.615170135162771e-05,10.86348819732666
7501,0.00011401012307032943,6.338524690363556e-05,10.731409072875977
7801,0.000369467306882143,0.00030664060614071786,26.02458381652832
8101,0.000503146555274725,4.663235449697822e-05,10.790205955505371
8401,0.0003966122749261558,0.00027067717746831477,19.483274459838867
8701,0.0003712375182658434,7.256221579154953e-05,11.520280838012695
9001,0.001387586584314704,0.0005762521177530289,12.705358505249023
9301,9.464804315939546e-05,0.004932199139147997,10.784947395324707
9601,6.935713463462889e-05,0.0005696074804291129,9.45583438873291
9901,0.8162727952003479,0.00011405660916352645,14.962690353393555
10201,0.001269706292077899,0.0034488325472921133,9.315417289733887
10501,0.0004118244396522641,0.0026438559871166945,13.583011627197266
10801,0.00020383921219035983,2.8225838832440786e-05,23.496532440185547
11101,0.0005060635739937425,0.000229330500587821,14.594976425170898
11401,0.001509004388935864,0.00010117804049514234,10.146174430847168
11701,9.370439511258155e-05,0.00030449661426246166,12.576647758483887
12001,2.8430284146452323e-05,0.00019423742196522653,15.93191909790039
12301,6.762651901226491e-05,2.9110655304975808e-05,8.366469383239746
12601,3.9804097468731925e-05,1.1894484487129375e-05,12.765398979187012
12901,4.973084287485108e-06,1.2967372640559915e-05,18.15099334716797
13201,5.9595549828372896e-06,6.9267798608052544e-06,19.05242156982422
13501,0.0006273337639868259,0.00012411482748575509,12.848824501037598
13801,0.00034597032936289907,0.00026993348728865385,13.016404151916504
14101,5.7258654123870656e-05,0.00020212582603562623,14.916422843933105
14401,5.149865319253877e-05,0.000337066623615101,13.783108711242676
14701,0.00035370897967368364,4.265928146196529e-05,8.488174438476562
15001,0.00010034134902525693,2.9446734970406396e-06,14.711492538452148
15301,0.0009276083437725902,0.00016807566862553358,15.810401916503906
15601,0.7417895793914795,0.760235607624054,8.268321990966797
15901,0.0003951388061977923,5.480382242240012e-05,11.231914520263672
16201,0.0007469072588719428,0.000227009630179964,9.728677749633789
16501,0.0008175559341907501,7.966327757458203e-06,8.767975807189941
16801,0.00011881793761858717,0.00038564205169677734,11.324982643127441
17101,0.002373398281633854,0.005113356746733189,6.03901481628418
17401,0.0022412154357880354,6.06225075898692e-05,15.831382751464844
17701,4.6229011786635965e-05,6.336657679639757e-05,12.599149703979492
18001,7.387824007309973e-05,0.00016243982827290893,12.018502235412598
18301,0.0005907270824536681,5.091311322757974e-05,12.551717758178711
18601,0.0003436677507124841,7.5844327511731535e-06,12.29017162322998
18901,0.00013841281179338694,0.00010088823910336941,13.1446533203125
19201,5.083560245111585e-05,0.00018366407311987132,13.49856948852539
19501,2.890509131248109e-05,5.326973769115284e-05,22.092998504638672
19801,0.00015370483743026853,0.0014142910949885845,9.476031303405762
20101,0.0006822179420851171,0.00011468022421468049,11.092808723449707
20401,4.1962841351050884e-05,9.793134267965797e-06,9.843838691711426
20701,9.979678725358099e-05,1.4401316548173781e-05,9.307561874389648
21001,5.3121511882636696e-05,7.040253876766656e-06,12.127945899963379
21301,2.8739970730384812e-05,4.582112160278484e-05,12.570579528808594
21601,0.0022312167566269636,0.00019561147200874984,7.438373565673828
21901,9.809173207031563e-05,0.0016725552268326283,13.817583084106445
22201,7.367288344539702e-05,0.00011151183571200818,11.572552680969238
22501,3.77159085473977e-05,0.0003854946990031749,12.014830589294434
22801,0.0004082529339939356,0.0005876894574612379,10.017782211303711
23101,0.0006016124971210957,2.9019956855336204e-05,7.844717502593994
23401,0.0036361091770231724,0.0002029351016972214,7.701666831970215
23701,5.59430627617985e-05,9.345763828605413e-05,13.063260078430176
24001,1.5057305972732138e-05,0.00026867876295000315,13.28911018371582
24301,0.00011940221884287894,0.00039576314156875014,10.450810432434082
24601,1.490490285505075e-05,0.0002242408081656322,13.151294708251953
24901,0.025928808376193047,1.7545913578942418e-05,7.122795581817627
25201,8.205385529436171e-05,8.359704224858433e-06,8.705323219299316
25501,0.0013382553588598967,0.000540112960152328,12.121070861816406
25801,7.826081855455413e-05,8.541024726582691e-05,8.075840950012207
26101,0.000669283966999501,1.4345191630127374e-05,6.437802791595459
26401,0.0021449991036206484,0.002369573572650552,8.071854591369629
26701,0.38406482338905334,0.00037790104397572577,8.2951021194458
27001,8.123772568069398e-05,0.00029530530446209013,12.095752716064453
27301,7.322717283386737e-05,6.808090256527066e-05,5.270350456237793
27601,0.00018367054872214794,0.0001284184108953923,7.628290176391602
27901,0.005048274993896484,0.0002758354239631444,10.049314498901367
28201,1.8124381313100457e-05,0.005049259401857853,12.35020923614502
28501,0.00012664755922742188,0.0018542134203016758,9.954258918762207
28801,0.00043233539327047765,0.0002205281052738428,6.784682273864746
29101,3.3323529351036996e-05,0.0002612583921290934,9.540769577026367
29401,8.209118095692247e-05,0.0027025192975997925,7.227862358093262
29701,0.0003191501018591225,5.238545054453425e-05,8.043229103088379
30001,3.380114139872603e-05,1.5244997484842315e-05,13.133106231689453
30301,0.00011642940808087587,7.50500475987792e-05,10.630114555358887
30601,3.055608976865187e-05,0.001596879563294351,5.990391254425049
30901,0.0002987943880725652,0.0016849478706717491,12.98933219909668
31201,0.12049942463636398,0.0010756347328424454,7.040920257568359
31501,1.6999296349240467e-05,1.5473540770472027e-05,10.152215957641602
31801,3.85184794140514e-05,0.0005426111165434122,11.84379768371582
32101,5.830516602145508e-05,4.181058466201648e-05,6.321323871612549
32401,2.4049692001426592e-05,0.0003493009426165372,9.318159103393555
32701,3.098558954661712e-05,0.00013495505845639855,8.502510070800781
33001,3.594485315261409e-05,7.700148853473365e-05,12.520500183105469
33301,7.388561789412051e-05,7.692635335843079e-06,7.220831871032715
33601,0.0002013652992900461,0.0005965387099422514,6.278339385986328
33901,1.6081059584394097e-05,3.731666765816044e-06,8.695871353149414
34201,0.000407852086937055,0.0003399584093131125,6.598677158355713
34501,0.00019860123575199395,0.001538389828056097,7.987502574920654
34801,0.0014868761645630002,8.537187386536971e-05,5.910965442657471
35101,0.00010301147267455235,6.786584708606824e-05,7.695616245269775
35401,2.973016307805665e-05,0.0019059439655393362,9.137214660644531
35701,0.00026017019990831614,0.0003669123398140073,7.6544060707092285
36001,3.9331767766270787e-05,4.9762194976210594e-05,8.637168884277344
36301,6.435828981921077e-05,7.713425293331966e-05,7.452113628387451
36601,8.38414634927176e-05,0.0005939427064731717,8.905048370361328
36901,6.365483568515629e-05,0.00019830805831588805,7.655782699584961
37201,0.00028992880834266543,0.0011193407699465752,8.148118019104004
37501,4.495397661230527e-05,0.0004237557586748153,7.735598087310791
37801,0.0001443244982510805,8.313024591188878e-05,6.367725849151611
38101,0.00022430223179981112,0.0010701395804062486,11.523179054260254
38401,5.8921716117765754e-05,0.0005807714187540114,8.676440238952637
38701,0.00016752819647081196,0.0004919559578411281,8.270425796508789
39001,0.00010332156671211123,0.00047282446757890284,9.14770221710205
39301,3.832032234640792e-05,0.00012057101412210613,6.8667426109313965
39601,0.018181541934609413,5.0772796384990215e-05,4.516507625579834
39901,4.182978591416031e-05,0.0011126461904495955,7.645569801330566
40201,0.00023199754650704563,4.3787928007077426e-05,10.785197257995605
40501,6.360726547427475e-05,0.0003228204441256821,8.32261848449707
40801,3.16706245939713e-05,0.046722013503313065,5.063756942749023
41101,0.00011060263204853982,2.4307162675540894e-05,6.94232177734375
41401,0.0008308753021992743,0.0006579342298209667,8.42074203491211
41701,2.9040635126875713e-05,0.00036087457556277514,10.606945037841797
42001,0.00045157939894124866,2.267118361487519e-05,8.100973129272461
42301,5.1227438234491274e-05,9.415625390829518e-05,8.023957252502441
42601,5.6732802477199584e-05,1.832914858823642e-05,10.391008377075195
42901,0.00010347458010073751,0.00021141748584341258,10.041451454162598
43201,5.372246232582256e-05,3.344886499689892e-05,10.828420639038086
43501,1.201118720928207e-05,0.0003621871874202043,12.472055435180664
43801,0.004311603959649801,3.78799086320214e-05,5.661760330200195
44101,1.0076239959744271e-05,0.0013278148835524917,7.591050624847412
44401,6.754024798283353e-05,1.1921038094442338e-05,7.560825824737549
44701,2.8089476472814567e-05,0.0012256387853994966,8.254070281982422
45001,2.168874561903067e-05,0.0003839405835606158,9.64830493927002
45301,5.092070932732895e-05,2.130831308022607e-05,7.3443498611450195
45601,4.794446431333199e-05,0.000291991513222456,5.192870140075684
45901,1.8315731722395867e-05,8.914938371162862e-05,6.409478187561035
46201,7.366662612184882e-05,0.00011595903197303414,5.832885265350342
46501,2.6127021556021646e-05,1.934106694534421e-05,8.0890531539917
46801,8.226998033933342e-05,0.00013157713692635298,6.141921520233154
47101,2.362900886510033e-05,0.22323063015937805,5.836989402770996
47401,2.5807452402659692e-05,0.000717318442184478,6.059131622314453
47701,2.679051976883784e-05,0.011733378283679485,6.464258670806885
48001,3.465021291049197e-05,7.351407839450985e-05,7.087124824523926
48301,3.834641756839119e-05,4.7310051741078496e-05,5.582404136657715
48601,0.0037633334286510944,0.00021391958580352366,4.847121715545654
48901,4.663892468670383e-05,0.00013869086978957057,13.426064491271973
49201,3.4049040550598875e-05,6.96334318490699e-05,6.809657096862793
49501,8.837613859213889e-05,0.0002903942367993295,4.9046735763549805
49801,5.15798237756826e-05,0.0003375863889232278,5.9932966232299805
50101,2.1191459381952882e-05,0.008402240462601185,7.917185306549072
50401,1.4952176570659503e-05,6.115849828347564e-05,5.546836853027344
50701,1.1822258784377482e-05,2.9651180739165284e-05,9.485569953918457
51001,2.452098487992771e-05,0.008224506862461567,7.142578125
51301,5.54149391973624e-06,1.1087522506713867,7.25959587097168
51601,0.003930851351469755,0.00011107561294920743,3.4195709228515625
51901,0.00725635327398777,9.643202065490186e-05,5.432295799255371
52201,4.710832945420407e-05,1.500558853149414,5.7644524574279785
1,2.30430559895467e-05,0.0015892297960817814,23.479883193969727
301,3.426073817536235e-05,1.0499365089344792e-05,21.181133270263672
601,1.5766785509185866e-05,0.0037010079249739647,17.813467025756836
901,3.906734491465613e-05,6.244965334190056e-06,12.906294822692871
1201,3.740848842426203e-05,6.893699173815548e-05,10.381773948669434
1501,5.222425170359202e-05,4.657049794332124e-05,8.600395202636719
1801,1.7064614439732395e-05,0.00021200395713094622,14.254921913146973
2101,5.206320565775968e-05,0.0003046798228751868,11.341586112976074
2401,0.0001331543317064643,3.270632805651985e-05,10.240727424621582
2701,1.227671600645408e-05,3.4775737731251866e-05,11.819071769714355
3001,5.090787908557104e-06,0.0004880073247477412,11.69323444366455
3301,0.02793314680457115,4.162182449363172e-05,10.827879905700684
3601,1.2910906662000343e-05,0.0009953146800398827,10.354100227355957
3901,2.9199954951764084e-05,0.004426017869263887,9.416470527648926
4201,1.3195336578064598e-05,1.176013483927818e-05,10.869742393493652
4501,5.107216566102579e-06,2.9842469757568324e-06,15.429137229919434
4801,1.9557988707674667e-05,9.857907343757688e-07,14.767477989196777
5101,0.01140165701508522,5.4202873798203655e-06,10.411569595336914
5401,0.0003947258519474417,8.081948908511549e-05,9.480206489562988
5701,2.3282384063350037e-05,7.557454227935523e-05,11.494972229003906
6001,2.9586661185021512e-05,2.470858999004122e-05,9.566407203674316
6301,7.454000297002494e-05,4.7629444452468306e-05,11.121478080749512
6601,6.765928446839098e-06,1.1270763934589922e-05,10.889988899230957
6901,2.7862557544722222e-05,4.9154306907439604e-05,10.414119720458984
7201,0.00038518570363521576,0.00031223136465996504,9.770668983459473
7501,4.237008761265315e-05,0.000124371683341451,8.6320161819458
7801,0.0008390591247007251,9.892065281746909e-05,9.630035400390625
8101,2.7953141398029402e-05,0.0006794024375267327,10.06800365447998
8401,6.725684943376109e-05,8.749213520786725e-06,7.87529993057251
8701,8.969195732788648e-06,2.436363047308987e-06,13.972162246704102
9001,0.0001380766771035269,1.6056546883191913e-05,8.854388236999512
9301,3.9105631003621966e-05,2.8043496058671735e-06,7.690287113189697
9601,2.4373024643864483e-05,3.103332346654497e-05,7.912792205810547
9901,1.9950577552663162e-05,0.0005386679549701512,11.740589141845703
10201,9.560235048411414e-05,2.402457539574243e-05,9.452902793884277
10501,8.465396604151465e-06,0.00010335231490898877,10.920700073242188
10801,1.1569611160666682e-05,3.752798875211738e-05,12.484935760498047
11101,0.2389116883277893,0.0003153435536660254,6.963230609893799
11401,5.565200808632653e-06,4.57011119578965e-05,8.898101806640625
11701,0.0004297287669032812,0.0002646815264597535,9.146140098571777
12001,1.4066879884921946e-05,4.6507047954946756e-05,7.858302116394043
12301,6.5585627453401685e-06,0.0013183032860979438,9.490310668945312
12601,0.0006816964014433324,0.00017742477939464152,7.522891998291016
12901,1.2961361790075898e-05,0.00041882842197082937,7.795188903808594
13201,4.123672260902822e-05,9.215340469381772e-06,7.017616271972656
13501,0.0005851016030646861,0.00112137699034065,6.751589775085449
13801,0.00016418565064668655,8.773599256528541e-05,11.10064697265625
14101,8.761935168877244e-05,9.060027878149413e-06,7.841679096221924
14401,0.01176359411329031,0.0008384130778722465,6.792469024658203
14701,5.236555807641707e-06,0.011193222366273403,7.73675012588501
15001,1.3752278391621076e-05,1.8502181774238124e-05,7.775737285614014
15301,2.9233469831524417e-05,4.388364322949201e-05,7.869825839996338
15601,1.074576357495971e-05,3.238117278669961e-05,9.12802791595459
15901,3.331391781102866e-05,0.01847527176141739,9.674172401428223
16201,2.0181392756057903e-05,1.230582802236313e-05,9.048994064331055
16501,9.76714727585204e-06,4.463628283701837e-05,7.716831207275391
16801,1.4620696674683131e-05,0.0016333316452801228,8.316214561462402
17101,5.2963869165978394e-06,0.00041649866034276783,7.089504241943359
17401,5.603901627182495e-06,5.350872743292712e-05,9.080641746520996
17701,3.0355306080309674e-05,1.1915199138456956e-05,6.346670150756836
18001,1.2893638995592482e-05,0.0017869730945676565,8.845759391784668
18301,1.757343125063926e-05,5.2207444241503254e-05,7.953275203704834
18601,3.4803284506779164e-05,9.474493708694354e-05,5.433049201965332
18901,2.9639397325809114e-05,1.9461615011096e-05,7.991108417510986
19201,3.1056559237185866e-05,0.00013068306725472212,8.658198356628418
19501,4.937411722494289e-05,8.439809789706487e-06,10.479461669921875
19801,7.57116504246369e-05,0.00021813492639921606,7.7964863777160645
20101,2.722675162658561e-05,2.2957341570872813e-05,8.861865043640137
20401,1.2358207186480286e-06,0.0018835538066923618,8.53409481048584
20701,0.002321116393432021,0.004470439162105322,6.590338706970215
21001,1.1810983778559603e-05,5.791688454337418e-05,7.696436405181885
21301,0.06192454695701599,0.00119663099758327,7.159290790557861
21601,0.0015564227942377329,0.0048159086145460606,7.95509147644043
21901,0.8713537454605103,0.03427673131227493,5.602029323577881
22201,0.0006090067327022552,0.0009360526455566287,7.179542064666748
22501,7.717048720223829e-05,0.0001409231044817716,6.1226372718811035
22801,0.00015125209756661206,0.005491012241691351,8.707594871520996
23101,0.0003263453836552799,7.273499250004534e-06,7.637945652008057
23401,3.637312329374254e-05,7.74587388150394e-05,7.220736980438232
23701,1.2891634924017126e-06,2.815278094203677e-06,7.383657455444336
24001,1.990778764593415e-05,0.9928317070007324,8.032732963562012
24301,7.088595793902641e-06,0.0002000125532504171,8.963590621948242
24601,7.127877324819565e-06,0.00014414434554055333,7.29147481918335
24901,1.8345809849051875e-06,0.0006514929700642824,9.36622428894043
25201,3.1119518098421395e-05,0.00027550978120416403,8.692606925964355
25501,0.0019646785221993923,0.0009381280979141593,8.113886833190918
25801,4.710963366960641e-06,6.112717983342009e-06,11.239218711853027
26101,6.134800787549466e-05,0.01044436451047659,9.042318344116211
26401,1.3673042303707916e-05,4.648202957469039e-05,6.605426788330078
26701,2.1947762434137985e-05,0.17996595799922943,5.913731098175049
27001,4.725181042886106e-06,0.0029369755648076534,8.452657699584961
27301,0.004714518319815397,0.00012809390318579972,8.820033073425293
27601,0.0012842250289395452,5.683003109879792e-05,5.34980583190918
27901,1.4540058145939838e-05,0.0001020265044644475,5.7833147048950195
28201,1.53202324781887e-06,0.00012765088467858732,6.451120853424072
28501,0.00814012810587883,6.0355036112014204e-05,6.257324695587158
28801,2.2752028598915786e-05,0.00016161121311597526,9.076061248779297
29101,1.8542452835390577e-06,0.00010980735532939434,6.599535942077637
29401,0.023533431813120842,0.0006594411679543555,7.037930488586426
29701,0.0001956538762897253,0.0008925113943405449,10.422554016113281
30001,0.00041444157250225544,2.958208460768219e-05,7.521075248718262
30301,0.0009035897674039006,4.97933360747993e-05,6.532968044281006
30601,6.1316359278862365e-06,3.3267013350268826e-05,8.053173065185547
30901,4.0727381929173134e-06,2.5645415007602423e-05,7.818123817443848
31201,1.5250921023834962e-05,0.0002643154584802687,7.303492069244385
31501,7.653904503968079e-06,0.0033286556135863066,7.144850254058838
31801,2.499498805264011e-05,0.00048310679267160594,5.7223896980285645
32101,7.732129597570747e-05,0.0007811918621882796,6.589601516723633
32401,0.0008949241600930691,0.00014748473768122494,6.723078727722168
32701,2.6712439648690633e-05,2.3726515792077407e-05,7.640562057495117
33001,4.348748188931495e-05,2.30970217671711e-05,6.012889862060547
33301,0.0014861976960673928,0.00015721724776085466,6.968708038330078
33601,7.5073703555972315e-06,1.4079165339353494e-05,5.205162048339844
33901,4.5647511797142215e-06,5.892568424314959e-07,9.421234130859375
34201,5.09979918206227e-06,2.637951183714904e-05,8.11683177947998
34501,6.587737880181521e-05,8.66147456690669e-06,6.527737617492676
34801,7.20794741937425e-06,0.000199291534954682,7.168181419372559
35101,1.2122575753892306e-05,0.008468677289783955,6.372236251831055
35401,0.00023265555500984192,3.180233761668205e-05,6.642210960388184
35701,0.0001595926150912419,3.2505349736311473e-06,6.497745037078857
36001,3.8951271562837064e-05,4.117603020858951e-05,4.791592597961426
36301,2.7680221137416083e-06,3.2352104426536243e-06,7.6347551345825195
36601,0.0001449750125175342,1.7773900253814645e-06,5.155751705169678
36901,3.220717189833522e-06,5.887593579245731e-05,7.564735412597656
37201,1.3304179447004572e-06,5.571228939516004e-06,6.705090522766113
37501,8.056688784563448e-06,1.4104105503065512e-05,9.80372142791748
37801,1.0320459296053741e-05,1.2343574780970812e-05,5.963910102844238
38101,0.00015445490134879947,0.00015558720042463392,6.701526165008545
38401,0.0002797640045173466,0.0002592996461316943,4.806680679321289
38701,0.00030418188543990254,4.6472246140183415e-06,5.216587066650391
39001,2.4739081709412858e-05,0.00012367655290290713,5.872642517089844
39301,2.1501926312339492e-05,0.00011695714783854783,9.349557876586914
39601,0.0011615442344918847,9.68764470599126e-06,4.416820526123047
39901,1.2885051319244667e-06,9.78071852841822e-07,8.373344421386719
40201,0.0002419629308860749,0.002593036973848939,7.0511393547058105
40501,4.029386764159426e-05,2.9091258966218447e-06,9.384815216064453
40801,0.008791744709014893,0.0001249510096386075,6.457687854766846
41101,8.686571163707413e-06,1.2099669220333453e-05,9.51232624053955
41401,0.4363845884799957,6.366595926010632e-07,5.670707702636719
41701,2.4399254471063614e-05,9.4561329433418e-08,5.979311466217041
42001,2.565321665315423e-06,1.1016126336471643e-05,6.723459243774414
42301,4.560091383609688e-06,0.0001866942475317046,9.132875442504883
42601,0.0002553677768446505,1.2247328413650393e-06,5.461902618408203
42901,6.376720557454973e-05,6.039570871507749e-05,5.426538944244385
43201,3.2075936360342894e-06,2.2589586023968877e-06,5.717193126678467
43501,2.7836213121190667e-06,6.139627657830715e-06,6.723916053771973
43801,2.207399666076526e-05,1.309187638298681e-07,5.7604780197143555
44101,1.4634242688771337e-06,9.144507203018293e-05,7.426995277404785
44401,3.872923116432503e-05,6.950506303837756e-07,5.297211170196533
44701,1.1074644135078415e-05,3.01761838272796e-06,6.059688091278076
45001,1.754278491716832e-05,1.2433002893885714e-06,6.962687969207764
45301,2.5751369321369566e-06,0.013552162796258926,5.9480204582214355
45601,6.662241503363475e-05,0.09206972271203995,5.732862949371338
45901,0.0005891256732866168,0.0012017777189612389,5.586007118225098
46201,6.363521606544964e-06,5.232889634498861e-06,8.34670352935791
46501,3.2819393709360156e-06,0.025804392993450165,6.103212833404541
46801,3.6470555642154068e-06,0.2961796224117279,6.002176761627197
47101,3.909143197233789e-05,1.7004231267492287e-05,4.950065612792969
47401,2.9650005672010593e-05,5.658638656313997e-06,5.462026119232178
47701,0.00043875910341739655,2.864425141524407e-07,5.594675064086914
48001,0.00031372031662613153,1.7545050923217786e-07,5.283886909484863
48301,0.00030184880597516894,6.396443950507091e-06,7.163230895996094
48601,1.1324872275508824e-06,3.9721003304293845e-06,7.255642890930176
48901,2.692347607080592e-06,7.951332463562721e-07,5.716357707977295
49201,1.073868952516932e-05,5.426718416856602e-07,6.256737232208252
49501,6.169929110910743e-05,0.0005930887418799102,5.11571741104126
49801,5.642826181428973e-06,6.809643673477694e-05,6.178122043609619
50101,1.285727194044739e-05,2.747450480455882e-06,6.19587516784668
50401,5.135734681971371e-06,0.00034043542109429836,7.291701316833496
50701,1.1624758826656034e-06,0.00033423819695599377,6.5325703620910645
51001,7.115247171896044e-06,1.0016211149377341e-07,6.473489284515381
51301,5.876119757886045e-06,0.00017608804046176374,4.8987627029418945
51601,7.654629371245392e-06,1.7003807784021774e-07,5.406696796417236
51901,9.97959705273388e-06,4.332276148488745e-06,6.402319431304932
52201,7.623885721841361e-06,2.6239786166115664e-06,6.83418607711792
1,0.00012093280383851379,3.2379109597968636e-06,12.453666687011719
301,4.414155682752607e-06,2.6160756533499807e-05,16.795869827270508
601,2.039158971456345e-06,2.1531937477448082e-07,13.248458862304688
901,0.0006217350019142032,3.0950734526413726e-06,12.30615234375
1201,6.6946195147465914e-06,0.00046479381853714585,10.416637420654297
1501,0.00016787768981885165,8.399398865321928e-08,11.572161674499512
1801,0.0035942252725362778,1.2144668062319397e-06,10.384113311767578
2101,1.0552183994150255e-05,0.00318304356187582,9.82583999633789
2401,1.212310598930344e-05,4.6082413973635994e-07,11.858479499816895
2701,3.905377980117919e-06,8.503337994625326e-06,13.003445625305176
3001,0.00030342763056978583,9.872666169030708e-07,8.349370956420898
3301,2.1564746930380352e-05,9.851466984400759e-07,11.505206108093262
3601,1.5493669707211666e-06,6.740032404195517e-05,8.103606224060059
3901,6.257031600398477e-06,4.062144398631062e-06,9.086882591247559
4201,6.156429662951268e-06,2.5806807570916135e-06,10.022418975830078
4501,8.44872192828916e-06,8.259539896471324e-08,9.27268123626709
4801,1.1589505447773263e-05,0.0008016646606847644,10.805939674377441
5101,2.8668061986536486e-06,8.88230133568868e-05,15.276142120361328
5401,7.136148633435369e-05,2.2464696485258173e-06,9.5023775100708
5701,4.1204170884157065e-06,1.7779009908736043e-07,9.008967399597168
6001,0.0001403355854563415,6.707905981784279e-07,9.862542152404785
6301,4.780532617587596e-05,1.628493180305668e-07,10.115198135375977
6601,4.747884304379113e-05,9.293390945686042e-08,7.304104804992676
6901,7.881475539761595e-06,6.449756619986147e-05,10.063344955444336
7201,1.8628084944793954e-05,5.600380177384068e-07,9.700929641723633
7501,1.1490921679069288e-05,7.865752991165209e-07,10.908614158630371
7801,3.2197870041272836e-06,9.850247728593331e-09,12.172860145568848
8101,1.9111805158900097e-05,1.586730832059402e-06,6.586684703826904
8401,3.4392528505122755e-06,3.435905910009751e-06,6.901602268218994
8701,3.2593165087746456e-05,8.73412560054021e-08,11.747201919555664
9001,1.4014111911819782e-05,0.0003335946530569345,9.643280029296875
9301,0.0001131455646827817,1.9996191724658274e-07,7.229336261749268
9601,1.7958242096938193e-05,6.353861863317434e-06,7.491237640380859
9901,4.321873348089866e-06,2.950463340312126e-06,8.533294677734375
10201,2.3073166630638298e-06,2.149042188648309e-07,8.446954727172852
10501,4.3486397771630436e-05,1.5439890148627455e-06,7.942591667175293
10801,3.36487173626665e-05,1.788302341765302e-07,8.276700973510742
11101,0.0002596945851109922,2.579288889137388e-07,7.252378463745117
11401,1.7937642041943036e-05,3.8262277257672395e-07,10.073006629943848
11701,0.00021365084103308618,6.428113863421459e-08,7.063808917999268
12001,3.0138876354612876e-06,4.20363157616066e-08,6.9475297927856445
12301,1.3062572179478593e-05,4.3727175125241047e-07,6.740360260009766
12601,0.0028611549641937017,1.5404178839162341e-06,5.728965759277344
12901,3.0345145205501467e-06,5.732061580943082e-08,11.42273235321045
13201,1.9694962247740477e-05,1.377497227394997e-08,6.140434741973877
13501,2.8411996026989073e-06,1.3050978964201931e-07,7.361855983734131
13801,2.8967733669560403e-06,0.009267264977097511,7.8047709465026855
14101,0.0003610083076637238,8.823273844882351e-08,7.038895130157471
14401,6.804090389778139e-06,2.519437458659013e-08,8.965453147888184
14701,4.6083732740953565e-06,1.6861771428011707e-06,11.509528160095215
15001,3.749340294234571e-06,3.845847800221236e-07,7.41632604598999
15301,7.202583219623193e-06,8.878522749000695e-06,6.6778883934021
15601,7.5478483267943375e-06,5.669448341905081e-07,6.522260665893555
15901,4.467510734684765e-06,4.980443918611854e-06,21.197053909301758
16201,2.599392928459565e-06,1.4827188365984512e-08,6.316280364990234
16501,2.912883246608544e-06,2.765980298136128e-07,7.046277046203613
16801,3.13133787130937e-05,6.464951002271846e-05,6.7844648361206055
17101,1.200006045110058e-05,1.2681133739533834e-05,7.194547653198242
17401,0.00010339893924538046,0.00010440274490974844,6.442623615264893
17701,1.4288034435594454e-05,4.5969488837727113e-07,6.269142150878906
18001,2.354409843974281e-06,3.1978345305105904e-08,7.634599208831787
18301,1.5655106835765764e-05,1.0633674918381075e-07,5.064288139343262
18601,1.8414962141832802e-06,3.8911493902560323e-05,7.607311248779297
18901,5.24521647093934e-06,1.6399240848841146e-05,5.707154750823975
19201,1.3982091331854463e-05,9.446235793575397e-09,7.727504253387451
19501,0.00028563581872731447,2.909782637061653e-09,6.032461166381836
19801,7.3763444561336655e-06,2.6423242616147036e-07,5.332361221313477
20101,5.292471541906707e-06,9.331079127150588e-07,8.993326187133789
20401,8.367213695237297e-07,1.577010152686853e-06,8.009661674499512
20701,0.00020364183001220226,2.5162112251564395e-06,8.252778053283691
21001,6.74360398988938e-06,9.549499372951686e-05,9.81777286529541
21301,4.474391971598379e-06,0.00026674196124076843,7.14920711517334
21601,1.6300647303069127e-06,0.011370999738574028,7.805503845214844
21901,3.540129000612069e-06,7.50611798139289e-06,6.80569314956665
22201,1.7282187400269322e-05,2.6117701054317877e-05,7.952136516571045
22501,6.7391265474725515e-06,2.244815004814882e-05,6.7285051345825195
22801,1.4854659639240708e-05,2.7159632054463145e-07,5.956021308898926
23101,1.608017919352278e-05,6.582692003576085e-05,5.802731037139893
23401,0.00013403691991697997,1.3527877484875717e-08,5.8651933670043945
23701,9.207031325786375e-06,0.0015240745851770043,7.805111408233643
24001,7.362765609286726e-05,0.0016199583187699318,6.979869842529297
24301,6.644561835855711e-06,4.5874597276451823e-07,7.660105228424072
24601,1.6475809388794005e-05,4.2688260037948567e-08,6.132328033447266
24901,2.755138120846823e-05,1.7070868125301786e-05,8.351764678955078
25201,5.7118530094157904e-05,3.8718275163773797e-07,4.995237350463867
25501,6.0048427258152515e-05,3.4238998303237622e-09,4.732375144958496
25801,7.446372364938725e-06,1.4274017701154662e-07,6.445096492767334
26101,1.1281329079793068e-06,2.6010475266957656e-05,6.953543663024902
26401,3.712575335157453e-06,1.235872787219705e-06,5.338312149047852
26701,8.211908607336227e-06,5.929400259674367e-08,6.006033420562744
27001,3.4495485579100205e-06,7.707510576437926e-07,6.2955756187438965
27301,7.773184916004539e-05,3.0402848238964e-08,4.96218204498291
27601,2.4443710572086275e-05,4.2398448840685887e-07,5.956072807312012
27901,1.0354217920394149e-05,3.008555324868212e-07,7.480276584625244
28201,8.65077345224563e-06,8.316388857565471e-07,6.385419845581055
28501,5.723849881178467e-06,5.312772444199254e-09,7.2966084480285645
28801,2.836574367393041e-06,6.179488991620019e-05,6.639455318450928
29101,6.161193596199155e-06,2.9894729323132196e-06,6.196842670440674
29401,0.00028949399711564183,2.312209446131419e-08,5.845779895782471
29701,9.778868843568489e-06,2.2298463591141626e-05,4.817938327789307
30001,3.525957708916394e-06,3.259047389292391e-06,5.639626979827881
30301,1.1196269042557105e-05,6.15169028606033e-07,6.492780685424805
30601,2.208772912126733e-06,1.098719963010808e-06,6.042060375213623
30901,2.1628434296872e-06,4.4203855509294954e-07,7.5025315284729
31201,5.313920155458618e-06,9.490153161095805e-07,5.212284088134766
31501,4.587895091390237e-06,5.680287813447649e-06,6.435374736785889
31801,1.0020850896835327,0.0144472261890769,10.664484024047852
32101,8.492204506183043e-05,4.577891843382531e-09,4.938138008117676
32401,9.698786016087979e-06,2.8159594876342453e-05,6.2650251388549805
32701,2.0674417100963183e-05,2.7360065359971486e-06,5.738602161407471
33001,2.13150487979874e-05,2.906779172917595e-07,6.739057540893555
33301,1.1575533790164627e-05,3.7970548874000087e-06,7.488114833831787
33601,6.3138695622910745e-06,9.648922969063278e-06,6.7589111328125
33901,4.797233850695193e-05,3.2269106498006295e-08,4.879482269287109
34201,0.0001857760944403708,3.647123847372313e-08,6.486122131347656
34501,1.6976118786260486e-05,5.554481958824908e-07,5.807076454162598
34801,4.562645699479617e-05,3.642972501438635e-08,5.712292671203613
35101,2.2174928744789213e-05,2.1304519037812497e-08,5.390702247619629
35401,9.511506505077705e-06,2.459682093558513e-07,5.188967227935791
35701,8.794782843324356e-06,1.221155071107205e-05,6.401662826538086
36001,4.7913317757775076e-06,4.029233835467494e-08,5.220268249511719
36301,1.2364490430627484e-05,1.8075993466482032e-06,5.940814971923828
36601,7.905140591901727e-06,5.541661494135042e-07,5.9015703201293945
36901,3.2358998396375682e-06,2.7424948711995967e-07,6.9797515869140625
37201,8.764269296079874e-05,1.1713948921965311e-08,4.69047212600708
37501,0.00012401652929838747,1.9109364757241565e-08,6.199108123779297
37801,1.7097570434998488e-06,3.590645292206318e-08,6.465324401855469
38101,9.050637004293094e-07,2.1896717328218074e-07,5.945528507232666
38401,1.7136424048658228e-06,3.694229349093803e-07,5.447766304016113
38701,1.4082493180467281e-06,3.5039097383560147e-06,8.092924118041992
39001,8.744746082811616e-06,0.00019008717208635062,6.5363640785217285
39301,1.551253490106319e-06,3.677127580203887e-08,5.830204963684082
39601,3.347170422784984e-05,8.692295239143277e-08,4.849761486053467
39901,1.223048002430005e-05,9.85488895821618e-06,7.925477504730225
40201,0.00027520465664565563,0.00016408994270022959,4.89286470413208
40501,1.1865535270771943e-05,5.013448003410303e-07,3.9633259773254395
40801,2.705770020838827e-05,1.436400083321132e-07,6.18894100189209
41101,1.1417425866966369e-06,0.0011261129984632134,7.250343322753906
41401,6.609188403672306e-06,1.637827473643938e-08,4.911367416381836
41701,1.7817430943978252e-06,3.559122419005689e-08,6.332214832305908
42001,2.0584593585226685e-06,3.030740991505354e-09,4.555636882781982
42301,5.411145139078144e-06,3.029796857845213e-08,4.795783042907715
42601,4.5433389459503815e-06,2.4405194380960893e-06,4.635189056396484
42901,1.0199833013757598e-06,9.080389773430397e-09,5.858612060546875
43201,1.5817909115867224e-06,1.0339496725464414e-07,7.202744007110596
43501,1.1626684681687038e-06,1.0839909009519033e-05,6.152548313140869
43801,2.4228033908002544e-06,2.748337465163786e-06,6.466559410095215
44101,9.97513961920049e-06,5.621377807685235e-10,4.231278419494629
44401,1.6820509699755348e-05,3.4737797250272706e-05,7.454299449920654
44701,0.00017087088781408966,7.206706698070775e-08,6.051602363586426
45001,4.530254955170676e-06,7.596605655635358e-08,6.613175392150879
45301,0.00013473928265739232,2.2162650381574167e-08,4.600186347961426
45601,8.937757229432464e-06,1.8839266147097078e-07,5.734806060791016
45901,8.385796377297083e-07,5.911630523769418e-06,5.779155254364014
46201,6.001012025080854e-07,2.2379264663641152e-08,5.7077813148498535
46501,8.016278343347949e-07,5.923061152657283e-09,6.199040412902832
46801,1.992405486817006e-06,1.3943261478743807e-07,4.971126079559326
47101,3.507998826535186e-06,3.3559184320353097e-09,7.011524677276611
47401,2.2694921426591463e-06,1.0846644471484979e-08,6.3407721519470215
47701,1.0716069027694175e-06,1.7860349998954916e-07,5.463100433349609
48001,6.739514901710209e-07,4.2427206636830306e-08,5.79783821105957
48301,1.3984463294036686e-06,1.2602747734291597e-09,5.1613850593566895
48601,4.446713865036145e-05,3.7545251352355535e-09,4.648205757141113
48901,1.8470977920514997e-06,1.7002808883059828e-10,4.360764503479004
49201,4.900735348201124e-06,7.524771361566707e-10,4.949716567993164
49501,5.177927050681319e-06,5.510408795927901e-10,4.4348835945129395
49801,3.9382230170303956e-06,1.3163844236885325e-08,5.413200378417969
50101,2.326457433809992e-06,1.2232872848016996e-07,5.405899524688721
50401,4.648975846066605e-06,9.895695711747976e-07,4.900815486907959
50701,1.1160558642586693e-05,1.1114678954982082e-06,5.754644393920898
51001,1.7971108263736824e-06,6.433916177606136e-10,4.522114276885986
51301,8.454709927718795e-07,2.819526656594462e-08,5.0502190589904785
51601,6.205159024830209e-06,1.375126568170515e-09,4.952644348144531
51901,8.36996491671016e-07,3.55196566603766e-11,7.136908054351807
52201,1.7204865798703395e-06,0.00032379195909015834,5.568944454193115
1,4.74799571748008e-06,9.058614523382857e-06,21.19373321533203
301,7.269653906405438e-06,2.4666087483637966e-06,22.663719177246094
601,1.0635637408995535e-05,9.464375807510805e-07,15.960694313049316
901,4.571437330014305e-06,9.706941455078777e-07,13.146382331848145
1201,2.0602019503712654e-06,5.657563519889663e-07,10.502054214477539
